prompt,base_output,r8_output,r16_output,r64_output,best_rank,comment
Giải thích QLoRA là gì theo cách dễ hiểu cho sinh viên năm nhất.,Các nhà khoa học làm việc với QLoRA thông qua việc huấn luyện mô hình dựa trên các tham số trích xuất của mô hình LLM đã huấn luyện trước đó. Họ sử dụng các tham số này để giảm kích thước mô hình và tăng hiệu năng của mô hình. QLoRA được sử dụng để tạo ra các mô hình nhỏ hơn và hiệu năng ca,"QLoRA là viết tắt của cụm từ ""Quantized LoRA"". Nó được sử dụng trong trí tuệ nhân tạo để cải thiện hiệu quả và tốc độ của mô hình. LoRA là viết tắt của cụm từ ""Large Language Model Augmentation"" và nó có thể được xem là một kỹ thuật bổ sung cho các mô hình ngôn ngữ lớn. Trong khi các mô hình ngôn ngữ lớn có thể có kích thước và khả năng tính toán khổng lồ, QLoRA là một phương pháp cải thiện hiệu suất mà không cần tăng kích thước mô hình. QLoRA được thực hiện bằng cách tạo ra một mô hình dựa trên mô hình lớn ban đầu, sau đó điều chỉnh các siêu tham số của nó để có được kết quả tốt hơn mà không cần tăng kích thước mô hình. Điều này thường được thực hiện bằng cách sử dụng một số lượng nhỏ các tham số (từ 1 đến 1000) của mô","QLoRA là viết tắt của ""Quantized Language Model with Reverse Attention"", một thuật toán máy học có khả năng cải thiện hiệu quả của mô hình ngôn ngữ bằng cách giảm kích thước của nó và cải thiện hiệu quả tính toán. Nó được sử dụng trong việc cải tiến mô hình NLP bằng cách sử dụng kỹ thuật quantization và reverse attention. Quantization là một kỹ thuật máy học mà mô hình được tinh giản và giảm số bit sử dụng để biểu diễn các giá trị của nó, làm cho mô hình nhỏ hơn và dễ học hơn. Reverse attention là một thuật toán máy học để cải thiện độ chính xác của mô hình bằng cách sử dụng thông tin từ cả phía trước và phía sau của chuỗi. QLoRA được sử dụng để cải thiện hiệu quả của các mô hình NLP, chẳng hạn như GPT-3, bằng cách giảm kích thước của nó và cải thiện hiệu quả tính toán. Mô hình được cải thiện này có thể được sử dụng","QLoRA là viết tắt của ""Quantized LoRA"" và nó là một phương pháp cải tiến cho mô hình ChatGPT được gọi là ""LoRA"" (Large Language Model Architecture). LoRA được phát triển để cải thiện khả năng học hỏi của mô hình bằng cách làm cho nó nhỏ hơn và dễ học hơn mà không mất đi hiệu suất. QLoRA là một cách để cải thiện hiệu quả hơn nữa bằng cách khử số lượng các bit biểu diễn các tham số trong mô hình. Điều này giúp làm cho mô hình nhỏ hơn và dễ học hơn, đồng thời vẫn giữ nguyên các tính năng quan trọng của nó. Trong khi việc khử số lượng bit có thể làm giảm chất lượng mô hình, điều này thường không ảnh hưởng đáng kể đến chất lượng của câu trả lời. QLoRA đã được chứng minh là có hiệu quả hơn và có thể học tốt hơn so với mô hình ChatGPT không được khử số lượng bit.",64,TODO: add human qualitative judgment after reviewing generated outputs.
Viết hướng dẫn từng bước để chuẩn bị dataset Alpaca format cho fine-tuning.,"Các bước để chuẩn bị dữ liệu Alpaca format cho fine-tuning là:

1. Tải xuống tập dữ liệu Alpaca từ trang web của OpenAI: https://huggingface.co/datasets/openai/ama

2. Tạo một tài khoản trên Huggingface để có thể tải xuống dữ liệu và lưu trữ dữ liệu của riêng mình.

3. Mở tập dữ liệu Alpaca và kiểm tra số lượng câu hỏi và câu trả lời. Đảm bảo rằng dữ liệu có đủ nhiều câu hỏi và câu trả lời để train model.

4. Chuyển đổi dữ liệu Alpaca sang dạng JSON. Mỗi câu hỏi và câu trả lời sẽ được lưu trữ trong một JSON object và có thể được lưu trữ trong một file JSON hoặc một thư mục với nhiều file JSON.

5. Thêm các trường meta vào dữ liệu JSON. Các trường meta bao gồm: 
   - 'question': câu hỏi của câu hỏi và câu trả","Để chuẩn bị một dataset Alpaca format cho fine-tuning, bạn cần thực hiện các bước sau: 1. Tạo một file mới với tên dataset.json. 2. Tạo một dictionary để lưu trữ các thông tin về dữ liệu, bao gồm các trường như 'instruction', 'input', 'output', 'response' và 'metadata'. 3. Đọc và phân tích dữ liệu. 4. Xác định các trường hợp phù hợp để bao gồm các trường trong dữ liệu. 5. Chuẩn hóa dữ liệu. 6. Xác định các trường hợp phù hợp để bao gồm các trường trong dữ liệu. 7. Chuẩn hóa dữ liệu. 8. Lưu trữ dữ liệu thành file JSON. 9. Kiểm tra và sửa lỗi. 10. Kiểm tra và sửa lỗi. Dưới đây là một ví dụ về cách bạn có thể viết một file dataset.json sử dụng Python: ```","Dưới đây là hướng dẫn từng bước để chuẩn bị dữ liệu Alpaca cho việc fine-tuning: 1. Chọn một nguồn dữ liệu phù hợp: Alpaca là một dataset có nguồn gốc từ các bài kiểm tra AI để kiểm tra tính thông minh nhân tạo của AI. Để chuẩn bị dữ liệu Alpaca cho việc fine-tuning, bạn cần có một nguồn dữ liệu phù hợp. Một số nguồn dữ liệu có thể bao gồm các bài kiểm tra AI, các câu hỏi từ cộng đồng mạng hoặc các câu hỏi từ các nguồn khác. 2. Chuẩn bị dữ liệu: Sau khi chọn nguồn dữ liệu, bạn cần chuẩn bị dữ liệu để sử dụng cho việc fine-tuning. Bất kỳ dữ liệu nào cũng cần được chuẩn bị trước khi sử dụng. Dữ liệu cần được xử lý để loại bỏ các dữ liệu không cần thiết, sửa lỗi và loại bỏ dữ liệu không có ý nghĩa. Bạn cũng có thể thêm các trường","1. Kiểm tra và xử lý dữ liệu: Trước tiên, hãy kiểm tra dữ liệu của bạn để đảm bảo rằng nó đã được chuẩn bị phù hợp với mô tả của Alpaca. Điều này bao gồm kiểm tra xem dữ liệu có được phân loại theo các nhãn thích hợp hay không, dữ liệu có đầy đủ các trường cần thiết hay không và các trường có dữ liệu không chính xác. Nếu cần, hãy chỉnh sửa hoặc thêm dữ liệu. 2. Chuyển đổi dữ liệu: Bước tiếp theo là chuyển đổi dữ liệu của bạn sang định dạng Alpaca. Điều này có thể bao gồm chuyển đổi các trường thành các trường Alpaca cụ thể, loại bỏ dữ liệu không cần thiết và thêm nhãn. 3. Tách dữ liệu thành tập train và test: Sau khi chuẩn bị dữ liệu, hãy tách nó thành tập train và tập test. Tùy thuộc vào quy mô của dữ liệu và mục tiêu của",64,TODO: add human qualitative judgment after reviewing generated outputs.
"So sánh ngắn gọn giữa prompt engineering, RAG và fine-tuning bằng tiếng Việt.","Prompt engineering, RAG, và fine-tuning là các phương pháp khác nhau để cải thiện hiệu suất của hệ thống tự động trả lời câu hỏi (QA) sử dụng công nghệ chatbot. 

- Prompt engineering là phương pháp tạo prompt (mô tả câu hỏi) để cải thiện khả năng trả lời câu hỏi của chatbot. Phương pháp này tập trung vào việc cung cấp thông tin cần thiết cho chatbot để trả lời câu hỏi. 

- RAG (Relevant Answer Generation) là phương pháp sử dụng kiến thức từ nguồn tài liệu để cung cấp thông tin liên quan đến câu hỏi của người dùng. Phương pháp này sử dụng công nghệ chatbot để tự động trả lời câu hỏi của người dùng dựa trên kiến thức được cung cấp từ nguồn tài liệu. 

- Fine-tuning là phương pháp cải thiện hiệu suất của hệ thống chatbot bằng cách đào tạo lại hệ thống dựa trên dữ liệu mới. Phương pháp này sử dụng","Prompt Engineering, RAG và Fine-tuning là ba kỹ thuật khác nhau trong xử lý văn bản tự động được sử dụng để nâng cao hiệu suất của các mô hình NLP. Prompt Engineering là kỹ thuật sử dụng các câu lệnh cụ thể để cải thiện hiệu suất của mô hình. RAG là một phương pháp để cải thiện hiệu suất của mô hình bằng cách sử dụng các nguồn tài nguyên khác nhau để cung cấp thông tin bổ sung cho mô hình. Fine-tuning là một kỹ thuật để tối ưu hóa mô hình bằng cách tiếp cận dữ liệu đã có sẵn. Điều quan trọng là phải phân biệt giữa các kỹ thuật này, vì mỗi kỹ thuật có những ưu điểm và nhược điểm riêng. Chẳng hạn, RAG có thể cải thiện hiệu suất của mô hình bằng cách cung cấp dữ liệu bổ sung, nhưng có thể gặp rào cản về dữ liệu. Fine-tuning có thể cải thiện hiệu suất của mô hình bằng cách tối","Prompt engineering, RAG và fine-tuning là các kỹ thuật khác nhau trong lĩnh vực NLP (Nghiên cứu và phát triển máy học tự nhiên). Trong khi các kỹ thuật này đều liên quan đến việc tối ưu hóa hệ thống dự đoán, chúng có cách tiếp cận và mục đích khác nhau. - Prompt engineering là kỹ thuật để thiết lập câu hỏi hoặc câu lệnh cho hệ thống dự đoán bằng cách sử dụng các câu lệnh hoặc câu lệnh cụ thể. Trong khi việc cung cấp câu lệnh cho hệ thống có thể giúp hệ thống hiểu được ý tưởng cơ bản của câu lệnh, việc thiết lập một câu lệnh chính xác và có thể thực hiện là một kỹ thuật khác biệt. - RAG (Reinforced Aggregation Generation) là một kỹ thuật tiên tiến để tạo ra câu lệnh chính xác và có thể thực hiện bằng cách sử dụng các câu lệnh hoặc câu lệnh khác nhau để tạo ra một câu lệnh tổng thể có thể thực hiện","Prompt engineering, RAG và fine-tuning là những kỹ thuật khác nhau để tối ưu hóa hiệu quả của các hệ thống AI. - **Prompt Engineering** là kỹ thuật được sử dụng để viết câu hỏi hoặc câu lệnh cho một hệ thống AI để giúp nó hiểu và đáp ứng yêu cầu của người dùng một cách chính xác và hiệu quả. Đây là một kỹ thuật được sử dụng trong các ứng dụng chatbot và chatbot AI. - **RAG (Relevant Answer Generator)** là một kỹ thuật để tạo ra câu trả lời chính xác và liên quan đến một câu hỏi bằng cách sử dụng các nguồn dữ liệu khác nhau như các bài báo, tài liệu và các nguồn thông tin khác. Nó thường được sử dụng trong các hệ thống AI tự động trả lời câu hỏi. - **Fine-tuning** là một kỹ thuật được sử dụng để cải thiện hiệu suất của một mô hình AI bằng cách sử dụng một tập dữ liệu nhỏ hơn và có độ chính xác",64,TODO: add human qualitative judgment after reviewing generated outputs.
Trả lời theo định dạng gạch đầu dòng: khi nào nên dùng LoRA rank thấp?,"LoRA (Low-Rank Approximation) được sử dụng khi có nhu cầu giảm kích thước ma trận trọng lượng của mạng neural network. LoRa thường được sử dụng khi kích thước ma trận trọng lượng lớn, làm giảm độ phức tạp của mạng neural network và giúp giảm thời gian tính toán. LoRa được sử dụng trong các trường hợp sau:

1. Khi có nguồn lực hạn chế: LoRa có thể giúp giảm kích thước ma trận trọng lượng của mạng neural network, giúp giảm thời gian tính toán và giảm chi phí để vận hành mạng neural network.

2. Khi có yêu cầu về độ trễ thấp: LoRa có thể giúp giảm độ trễ của mạng neural network, giúp cải thiện hiệu suất của mạng neural network.

3. Khi có yêu cầu về độ chính xác cao: LoRa có thể giúp cải thiện độ chính xác của mạng neural network, giúp cải thiện hiệu quả của mạng neural network.

4. Khi có nguồn lực","- Khi mô hình không đủ dữ liệu: LoRA thường được sử dụng để cải thiện hiệu suất của mô hình không đủ dữ liệu bằng cách sử dụng ít dữ liệu hơn để huấn luyện mô hình và sau đó áp dụng các thay đổi nhỏ để cải thiện độ chính xác của nó. - Khi mô hình cần được cài đặt trên thiết bị có RAM hạn chế: LoRA có thể được sử dụng để cải thiện hiệu suất của mô hình không cần nhiều bộ nhớ RAM. LoRA làm việc bằng cách áp dụng các thay đổi nhỏ trên mô hình được huấn luyện ban đầu và có thể được áp dụng trên các mô hình có ít hoặc không có bộ nhớ RAM. - Khi muốn cải thiện tốc độ xử lý: LoRA có thể cải thiện tốc độ xử lý của mô hình bằng cách áp dụng các thay đổi nhỏ trên mô hình được huấn luyện ban đầu. Khi áp dụng LoRA, mô hình có thể được cải thiện một","Khi có một số nguyên tắc hoặc quy tắc đã được xác định, việc sử dụng LoRA rank thấp có thể hữu ích. LoRA là một loại kỹ thuật để cải thiện hiệu suất của các mô hình NLP bằng cách giảm kích thước của nó. LoRA thường được sử dụng để giảm kích thước mô hình để giảm thời gian train và độ phức tạp của tính toán. LoRA có thể hữu ích trong các trường hợp sau: - Trích dẫn tài liệu lớn: LoRA có thể hữu ích để giảm kích thước mô hình khi cần trích dẫn nhiều văn bản lớn nhưng không cần mô hình lớn để đào tạo. - Hỗ trợ tính ổn định: LoRA có thể hữu ích trong các trường hợp hỗ trợ tính ổn định khi mô hình được đào tạo để đạt được độ chính xác cao nhưng không cần mô hình lớn. - Tăng tốc độ tính toán: LoRA có thể hữu ích trong các trường hợp tăng tốc độ tính toán khi cần tính",LoRA (Low Rank Approximation) có thể được sử dụng khi gặp phải một số vấn đề như: 1. Kích thước của mô hình có thể lớn hơn số lượng tính toán có sẵn 2. Khi mô hình đã được tối ưu hóa và không thể thay đổi 3. Khi mô hình có số lượng tham số quá lớn và cần giảm kích thước mô hình 4. Khi mô hình có số lượng tham số không thể thay đổi nhưng lại cần tối ưu hóa hiệu suất 5. Khi cần giảm số tham số để cải thiện tốc độ học máy và độ chính xác 6. Khi cần giảm số tham số để cải thiện tốc độ học máy và độ chính xác 7. Khi cần giảm số tham số để cải thiện tốc độ học máy và độ chính xác 8. Khi cần giảm số tham số để cải thiện tốc độ học máy và độ chính xác 9. Khi,64,TODO: add human qualitative judgment after reviewing generated outputs.
Hãy tóm tắt đoạn sau thành 3 câu lịch sự: Fine-tuning giúp mô hình học style và format tốt hơn.,Fine-tuning helps the model,"1. Fine-tuning mô hình học tập để tăng cường độ chính xác và hiệu suất của nó. 2. Nó có thể được sử dụng cho các ứng dụng khác nhau như phân loại, dự đoán và tự động hóa. 3. Nó giúp mô hình học tập có khả năng xử lý dữ liệu mới và thay đổi, tăng cường độ chính xác và hiệu quả của nó.","1. Fine-tuning là gì? - Fine-tuning là quá trình cài đặt lại mô hình đã được huấn luyện để phù hợp với một tập dữ liệu cụ thể hoặc cho một nhiệm vụ cụ thể. 2. Fine-tuning có thể cải thiện gì? - Fine-tuning có thể cải thiện độ chính xác của mô hình trong các ứng dụng cụ thể hoặc cải thiện khả năng tạo ra câu trả lời có kiểu và cấu trúc tương tự như câu trả lời của người viết mẫu. 3. Fine-tuning có ảnh hưởng gì đến mô hình? - Fine-tuning có thể làm cho mô hình học được format và style tốt hơn, đồng thời cải thiện khả năng dự đoán của mô hình đối với các câu hỏi và câu trả lời tương tự.","1. Fine-tuning là một kỹ thuật giúp cải thiện hiệu suất của mô hình bằng cách cho mô hình tiếp cận với dữ liệu mục tiêu cụ thể. 2. Kỹ thuật này được sử dụng để cải thiện tính tương thích của mô hình với dữ liệu và dữ liệu đào tạo. 3. Nhờ đó, mô hình có thể học được các đặc điểm cụ thể của dữ liệu, giúp cải thiện khả năng dự đoán và cải thiện hiệu quả trong việc xử lý dữ liệu.",64,TODO: add human qualitative judgment after reviewing generated outputs.
"Nếu không chắc câu trả lời, hãy nói rõ giới hạn thay vì đoán. Ví dụ: rank cao hơn có luôn tốt hơn không?","Không, rank cao hơn không nhất thiết là tốt hơn. Có thể có trường hợp rank cao hơn nhưng vẫn không phù hợp với nhu cầu của người dùng. Ví dụ như một nhà cung cấp dịch vụ mạng internet, có thể rank cao hơn nhưng nếu tốc độ tải xuống của nhà cung cấp đó thấp hơn thì người dùng sẽ không hài lòng. Vì vậy, rank cao không phải là yếu tố quyết định chất lượng dịch vụ.","Không, xếp hạng cao hơn không có nghĩa là tốt hơn ở tất cả các trường hợp. Các trường hợp và mục đích của việc xếp hạng có thể khác nhau và có thể có các trường hợp trong đó xếp hạng thấp hơn có thể có lợi hơn. Ví dụ, trong trường hợp cạnh tranh, một người có thể muốn xếp hạng thấp hơn để tránh bị chú ý. Trong khi một người khác có thể muốn xếp hạng cao hơn để thu hút sự chú ý. Vì vậy, không nên dựa trên một xếp hạng mà không có sự hiểu biết đầy đủ về mục đích và trường hợp cụ thể. Thay vào đó, cần đưa ra các lựa chọn dựa trên những lợi ích và rủi ro cụ thể của mỗi trường hợp và không nên dựa trên một giá trị chung duy nhất.","Câu trả lời sẽ phụ thuộc vào phạm vi và ngữ cảnh. Ví dụ, một người có thể đạt được thành công trong một lĩnh vực mà không phải là người giỏi nhất trong lĩnh vực đó. Ngoài ra, một người có thể có nhiều khả năng và thành công trong một lĩnh vực nhất định nhưng lại kém trong lĩnh vực khác. Vì vậy, câu trả lời không phải lúc nào cũng là ""có"" hoặc ""không"". Đôi khi, câu trả lời là ""không chắc chắn"" hoặc ""tùy thuộc vào trường hợp"".","Không, không phải luôn luôn như vậy. Rank cao hơn không đảm bảo rằng nó tốt hơn. Có thể có nhiều yếu tố khác, chẳng hạn như hiệu suất, khả năng, tính độc đáo, phù hợp với môi trường, khả năng thích ứng và nhiều hơn nữa. Do đó, để có được quyết định chính xác về cái tốt nhất cho tình huống cụ thể, cần xem xét nhiều yếu tố và đánh giá các lựa chọn. Nói chung, không phải tất cả các cái cao hơn đều tốt hơn.",64,TODO: add human qualitative judgment after reviewing generated outputs.
Viết một lời giải thích thân thiện cho học sinh về perplexity trong đánh giá mô hình ngôn ngữ.,Perplexity là một chỉ số để đánh giá hiệu quả của mô hình trong việc dự đoán kết quả tiếp the束束束束束束束束束束束束束束束束束束束束束束束束束束束束束束束束束束束束束束束束束束束束束束束束束束束束束束束束束束束束束束束束束束束束束束束束束束束束束束束束束束束束束束束束束束束束束束束束束束束束束束束束束束束束束束束束束束束束束束束束束束束束束束束束束束束束束束束束束束束束束束束束束束束束束束束束束束束束束束束束束束束束束束束束束束束束束束束束束,"Perplexity là một chỉ số dùng để đánh giá chất lượng của một mô hình ngôn ngữ. Nó là một cách để đo lường mức độ khó khăn mà mô hình phải giải quyết một câu hỏi, hoặc một câu chuyện. Perplexity được tính bằng cách sử dụng xác suất của mô hình dự đoán cho một câu hoặc một đoạn văn bản. Câu hỏi được tính bằng cách tính log của xác suất của câu đó. Câu càng khó, thì xác suất của nó càng thấp và log của xác suất càng lớn, và do đó, perplexity càng cao. Perplexity thường được sử dụng để so sánh các mô hình khác nhau, và thường được sử dụng trong lĩnh vực NLP (nghiên cứu về máy học tự động). Khi bạn có một mô hình NLP, bạn có thể sử dụng perplexity để xác định mức độ hiệu quả của mô hình đó. Nếu mô hình của bạn có thể giải quyết các câu hỏi khó khăn","Perplexity là một chỉ số được sử dụng để đo lường khả năng của một mô hình ngôn ngữ đoán sai số liệu. Trong việc đánh giá mô hình, perplexity là thước đo cho khả năng của mô hình đoán chính xác các từ tiếp theo trong một đoạn văn bản. Mô hình càng có khả năng đoán chính xác, thì độ khó của việc đoán các từ tiếp theo càng thấp, và độ khó đó được biểu thị bằng tỷ lệ nghịch của perplexity. Ví dụ, nếu một mô hình có perplexity 100 thì nó có nghĩa là mô hình đoán chính xác các từ tiếp theo trong một đoạn văn bản có độ khó tương đương với việc đoán chính xác 1 trong 100 từ. Điều này có nghĩa là mô hình có khả năng đoán chính xác các từ tiếp theo trong một đoạn văn bản cao hơn. Perplexity thường được sử dụng trong đánh giá mô hình ngôn ngữ để so sánh","Perplexity là một chỉ số đánh giá mô hình ngôn ngữ, mô tả khả năng mô hình dự đoán các từ tiếp theo trong một câu. Nó được tính bằng giá trị log của xác suất dự đoán của mô hình cho tất cả các từ trong một câu. Quan trọng nhất, giá trị này được tính theo phương pháp log vì nó cho phép các giá trị được so sánh trên cùng một quy chuẩn, dù chúng có lớn hay nhỏ. Mô hình càng có thể dự đoán các từ trong câu được tốt hơn, thì giá trị perplexity sẽ càng thấp. Điều này có nghĩa là mô hình có thể hiểu các chuỗi từ trong văn bản và dự đoán các từ tiếp theo trong chuỗi đó tốt hơn. Perplexity thường được sử dụng để đánh giá các mô hình ngữ cảnh như mô hình chuyển ngữ hoặc mô hình tự huấn luyện để xác định độ chính xác của chúng. Một mô hình có thể dự đoán các từ trong một câu tốt",64,TODO: add human qualitative judgment after reviewing generated outputs.
Cho một ví dụ ngắn về input và output trong dataset Alpaca.,"Tôi có thể giải thích rõ ràng hơn về việc phân tích dữ liệu trong các dự án của tôi. Tôi đã phân tích dữ liệu từ các nguồn khác nhau, bao gồm dữ liệu tài chính, dữ liệu khách hàng và dữ liệu thị trường. Dữ liệu này được sử dụng để xác định các cơ hội kinh doanh mới và các thách thức mà doanh nghiệp của tôi phải đối mặt. Ví dụ, tôi đã phân tích dữ liệu từ các nguồn tài chính để xác định các khoản đầu tư tiềm năng và các khoản đầu tư cần","Dataset Alpaca là một bộ dữ liệu được sử dụng để huấn luyện mô hình ngôn ngữ có thể hiểu và trả lời câu hỏi về các bài tập học thuật. Ví dụ sau đây cho thấy một ví dụ về input và output trong dataset Alpaca: Input: ""Câu hỏi về giáo dục"" Output: ""Giáo dục là một lĩnh vực nghiên cứu rộng lớn và phức tạp. Nó bao gồm nhiều vấn đề như giáo dục phổ thông, giáo dục đại học, giáo dục tiếp tục, giáo dục đặc biệt, giáo dục đặc biệt, giáo dục đặc biệt, giáo dục đặc biệt, giáo dục đặc biệt, giáo dục đặc biệt, giáo dục đặc biệt, giáo dục đặc biệt, giáo dục đặc biệt, giáo dục đặc biệt, giáo dục đặc biệt, giáo dục đặc biệt, giáo dục đặc biệt, giáo dục đặc biệt, giáo dục đặc biệt, giáo dục đặc biệt, giáo dục đặc biệt, giáo dục đặc biệt, giáo dục đặc biệt","Exemplo: Dataset Alpaca contém um conjunto de perguntas e respostas sobre a inteligência artificial. Uma entrada é uma pergunta relacionada à inteligência artificial, como ""Quais são as principais características de uma inteligência artificial?"". A saída correspondente seria a resposta, que poderia ser ""Inteligência artificial é uma subdisciplina da ciência da computação que se concentra em desenvolver sistemas que possam pensar e aprender de forma semelhante a um ser humano"".","Ví dụ ngắn về một cặp input và output trong dataset Alpaca có thể là: Input: ""Thay đổi màu xanh lá cây thành màu đỏ cho toàn bộ văn bản."" Output: ""Đây là bản dịch bằng tiếng Anh của văn bản đã được thay đổi màu xanh lá cây thành màu đỏ: Đây là bản dịch bằng tiếng Anh của văn bản đã được thay đổi màu xanh lá cây thành màu đỏ.""",64,TODO: add human qualitative judgment after reviewing generated outputs.
"Giải thích vì sao phải giữ experiment fair khi so sánh r=8, r=16, r=64.","Tất cả các experiment đều được tiến hành với cùng một kích thước mẫu và cùng một số lượng lần lặp (n = 1000000). Tuy nhiên, khi r = 8, r = 16 và r = 64, kích thước mẫu thay đổi. Điều này dẫn đến sự khác biệt về độ chính xác của kết quả. Khi r = 8, kích thước mẫu nhỏ hơn, do đó kết quả có thể bị ảnh hưởng nhiều hơn bởi sự khác biệt giữa các nhóm. Khi r = 16, kích thước mẫu tăng lên, do đó kết quả có thể bị ảnh hưởng ít hơn bởi sự khác biệt giữa các nhóm. Khi r = 64, kích thước mẫu lớn hơn nữa, do đó kết quả có thể bị ảnh hưởng ít nhất bởi sự khác biệt giữa các nhóm. Do đó, khi so sánh các experiment này, cần đảm bảo rằng chúng được tiến hành với cùng một","Khi so sánh các số r = 8, r = 16 và r = 64 trong một thí nghiệm, điều quan trọng là phải giữ thí nghiệm công bằng để đảm bảo rằng kết quả được thu thập không bị ảnh hưởng bởi bất kỳ sự khác biệt nào trong cách thức thực hiện thí nghiệm. Điều này có thể được thực hiện bằng cách đảm bảo rằng tất cả các thí nghiệm đều được thực hiện theo cùng một cách và với cùng một phương pháp điều trị. Nếu các thí nghiệm không công bằng, có thể có sự khác biệt trong kết quả do các yếu tố không liên quan đến mục tiêu nghiên cứu. Điều này có thể dẫn đến kết luận sai hoặc kết luận không chính xác. Do đó, để đảm bảo tính chính xác và đáng tin cậy của kết quả, điều quan trọng là phải giữ thí nghiệm công bằng và theo dõi các yếu tố có thể ảnh hưởng đến kết quả. Điều này có thể được thực hiện","Điều quan trọng khi thực hiện một thí nghiệm công bằng là đảm bảo rằng các yếu tố khác không tác động đến kết quả của thí nghiệm, dẫn đến sự sai lệch hoặc giả định không chính xác. Tuy nhiên, trong thí nghiệm so sánh r = 8, r = 16 và r = 64, nếu không được thực hiện công bằng, có thể có một số lý do khiến kết quả có thể bị sai lệch hoặc giả định không chính xác. Dưới đây là một số lý do chính: 1. Quan sát giả định: Nếu các yếu tố khác, chẳng hạn như độ nhạy của thiết bị đo hoặc chất lượng của chất liệu thử nghiệm, được điều chỉnh để phù hợp với các điều kiện khác nhau của thí nghiệm, thì các kết quả của bạn có thể bị sai lệch. Điều này có thể dẫn đến kết luận sai về tác động của các yếu tố chính mà bạn đang theo dõi","Lý do quan trọng để giữ thử nghiệm công bằng khi so sánh r=8, r=16 và r=64 là vì điều này giúp đảm bảo rằng kết quả của mỗi thử nghiệm đều chính xác và có thể so sánh được với nhau. Nếu thử nghiệm không công bằng, có thể có sự khác biệt về điều kiện, phương pháp hoặc điều kiện giữa các nhóm thử nghiệm, điều này có thể làm cho kết quả không đáng tin cậy và khó so sánh. Điều này có thể dẫn đến kết luận sai hoặc kết quả không đáng tin cậy, gây khó khăn cho việc xác định các yếu tố chính xác ảnh hưởng đến kết quả. Bởi vì r=8, r=16 và r=64 có phạm vi rộng, việc so sánh chúng cần phải được thực hiện một cách công bằng và chính xác để đảm bảo rằng chúng có thể được so sánh với nhau một cách chính xác và có giá trị.",64,TODO: add human qualitative judgment after reviewing generated outputs.
Viết một câu trả lời dạng tutoring style cho câu hỏi: max_seq_length nên chọn như thế nào?,"Câu hỏi: max_seq_length nên chọn như thế nào? 

Đáp án: Max_seq_length là một trong những tham số quan trọng trong nhiều mô hình NLP. Để chọn ra một giá trị phù hợp cho max_seq_length, bạn cần xem xét các yếu tố sau:

1. Độ dài của chuỗi: Bạn cần biết độ dài của chuỗi dữ liệu của bạn. Nếu độ dài của chuỗi dữ liệu của bạn lớn hơn max_seq_length, bạn sẽ bị giới hạn bởi max_seq_length. Do đó, bạn cần chọn một giá trị cho max_seq_length phù hợp với độ dài của chuỗi dữ liệu của bạn.

TAG:","Câu hỏi bạn đưa ra là một câu hỏi quan trọng trong xử lý bài báo cáo và tính toán, vì việc lựa chọn max_seq_length có thể ảnh hưởng đến hiệu suất và hiệu quả của mô hình. Có nhiều lý do để chọn một giá trị nhất định cho max_seq_length, và tùy thuộc vào trường hợp cụ thể, nó có thể thay đổi. Tuy nhiên, một số lý do phổ biến nhất là: - Độ dài của câu: Độ dài của câu có thể ảnh hưởng đến cách dữ liệu được tạo ra và cách dữ liệu này được xử lý. Một câu ngắn hơn có thể có ít dữ liệu hơn, nhưng nó cũng có thể có ít dữ liệu hơn. Điều này có thể ảnh hưởng đến độ chính xác của mô hình và có thể dẫn đến việc loại bỏ dữ liệu có thể quan trọng hơn. - Số lượng câu: Số lượng câu có thể ảnh hưởng đến độ phức tạp của bài báo cáo và cách dữ liệu được tạo ra.","Điều này phụ thuộc vào mục đích và phạm vi của bài kiểm tra hoặc bài thi mà bạn đang chuẩn bị. Max sequence length là kích thước tối đa của chuỗi đầu vào được chấp nhận bởi mô hình AI hoặc hệ thống bạn đang sử dụng. Khi bạn chọn max sequence length, bạn cần cân nhắc một số yếu tố, chẳng hạn như độ dài chuỗi đầu vào có thể được truyền vào mô hình, số lượng chuỗi đầu vào trong một lần gọi, và kích thước chuỗi đầu vào tối đa mà mô hình có thể xử lý. Nếu bạn đang chuẩn bị cho một bài kiểm tra về ngữ pháp tiếng Anh, bạn có thể chọn một max sequence length nhỏ hơn nếu bạn muốn tập trung vào việc kiểm tra kỹ năng viết của học sinh. Nếu bạn đang chuẩn bị cho một bài thi về toán học, bạn có thể chọn một max sequence length lớn hơn nếu bạn muốn tập trung vào việc kiểm tra kỹ năng giải quyết vấn đề. T","Câu hỏi của bạn là một câu hỏi rất hay, bởi vì lựa chọn max_seq_length trong một dự đoán có thể có tác động đáng kể đến hiệu suất của nó. Trong các dự đoán có độ dài chuỗi lớn, việc chọn đúng độ dài chuỗi sẽ giúp tối ưu hóa hiệu suất của dự đoán mà không gây lãng phí quá nhiều thời gian và tài nguyên. Tuy nhiên, điều quan trọng cần lưu ý là độ dài chuỗi tối đa không nhất thiết phải là một con số cụ thể, mà phụ thuộc vào nhiều yếu tố khác nhau như ngữ cảnh và ngữ cảnh của dữ liệu. Một số yếu tố quan trọng để quyết định max_seq_length bao gồm: 1. Độ dài chuỗi trong dữ liệu: Điều quan trọng là phải xác định độ dài chuỗi trung bình trong dữ liệu, đồng thời cũng cần lưu ý đến độ lệch chuẩn và phân phối dữ liệu. Độ dài chuỗi trung bình",64,TODO: add human qualitative judgment after reviewing generated outputs.
